{
  "class_bias": [
    0.0,
    0.5,
    -0.5,
    -0.25
  ],
  "val_macro_f1_after_calibration": 0.25566083480616875,
  "generated_at": "2026-04-19T18:03:20.204896+00:00"
}