{
  "accuracy": 0.7543356643356643,
  "macro_f1": 0.6033739196898185,
  "weighted_f1": 0.72785155204889,
  "per_class": {
    "normal": {
      "precision": 0.7450492890168368,
      "recall": 0.9517998439763735,
      "f1-score": 0.8358289293403797,
      "support": 17946.0
    },
    "congestion": {
      "precision": 0.8386447500838645,
      "recall": 0.4925137903861308,
      "f1-score": 0.6205783790492739,
      "support": 5076.0
    },
    "coverage_degradation": {
      "precision": 0.6801169590643275,
      "recall": 0.42168237853517043,
      "f1-score": 0.5205908683974932,
      "support": 2758.0
    },
    "hardware_anomaly": {
      "precision": 0.844354018311292,
      "recall": 0.29432624113475175,
      "f1-score": 0.4364975019721273,
      "support": 2820.0
    },
    "accuracy": 0.7543356643356643,
    "macro avg": {
      "precision": 0.7770412541190802,
      "recall": 0.5400805635081066,
      "f1-score": 0.6033739196898185,
      "support": 28600.0
    },
    "weighted avg": {
      "precision": 0.7651907761139548,
      "recall": 0.7543356643356643,
      "f1-score": 0.72785155204889,
      "support": 28600.0
    }
  },
  "class_balance": {
    "train": {
      "normal": 173305,
      "congestion": 33207,
      "coverage_degradation": 19957,
      "hardware_anomaly": 16381
    },
    "test": {
      "normal": 17946,
      "congestion": 5076,
      "coverage_degradation": 2758,
      "hardware_anomaly": 2820
    }
  },
  "calibration": {
    "multiclass_brier": 0.4566398859024048,
    "ece": 0.2065052974401237,
    "per_class_brier": {
      "normal": 0.2117002308368683,
      "congestion": 0.10250622034072876,
      "coverage_degradation": 0.0681770071387291,
      "hardware_anomaly": 0.07425642758607864
    }
  },
  "operator_metrics": {
    "Airtel": {
      "samples": 8008,
      "macro_f1": 0.6208425780663859,
      "accuracy": 0.7618631368631369,
      "per_fault": {
        "normal": {
          "precision": 0.7435334691957988,
          "recall": 0.9607048815069881,
          "f1": 0.8382820784729587,
          "support": 4937
        },
        "congestion": {
          "precision": 0.8687089715536105,
          "recall": 0.532171581769437,
          "f1": 0.6600166251039069,
          "support": 1492
        },
        "coverage_degradation": {
          "precision": 0.7675544794188862,
          "recall": 0.44027777777777777,
          "f1": 0.559576345984113,
          "support": 720
        },
        "hardware_anomaly": {
          "precision": 0.8178807947019867,
          "recall": 0.28754365541327126,
          "f1": 0.425495262704565,
          "support": 859
        }
      }
    },
    "Jio": {
      "samples": 8580,
      "macro_f1": 0.6379599339248169,
      "accuracy": 0.7970862470862471,
      "per_fault": {
        "normal": {
          "precision": 0.7857343049327354,
          "recall": 0.9724245577523413,
          "f1": 0.8691675709192374,
          "support": 5766
        },
        "congestion": {
          "precision": 0.934640522875817,
          "recall": 0.5056577086280056,
          "f1": 0.656264341441028,
          "support": 1414
        },
        "coverage_degradation": {
          "precision": 0.6666666666666666,
          "recall": 0.4779220779220779,
          "f1": 0.556732223903177,
          "support": 385
        },
        "hardware_anomaly": {
          "precision": 0.826302729528536,
          "recall": 0.32807881773399017,
          "f1": 0.4696755994358251,
          "support": 1015
        }
      }
    },
    "Vi": {
      "samples": 5148,
      "macro_f1": 0.5573959208600219,
      "accuracy": 0.6983294483294483,
      "per_fault": {
        "normal": {
          "precision": 0.6870286576168929,
          "recall": 0.9318104330037504,
          "f1": 0.790913037187093,
          "support": 2933
        },
        "congestion": {
          "precision": 0.7077326343381389,
          "recall": 0.4631217838765009,
          "f1": 0.5598755832037325,
          "support": 1166
        },
        "coverage_degradation": {
          "precision": 0.7162629757785467,
          "recall": 0.32857142857142857,
          "f1": 0.4504896626768226,
          "support": 630
        },
        "hardware_anomaly": {
          "precision": 0.9745762711864406,
          "recall": 0.2744630071599045,
          "f1": 0.42830540037243947,
          "support": 419
        }
      }
    },
    "BSNL": {
      "samples": 6864,
      "macro_f1": 0.5791997249841075,
      "accuracy": 0.7341200466200466,
      "per_fault": {
        "normal": {
          "precision": 0.7358733664642002,
          "recall": 0.9276102088167053,
          "f1": 0.8206917787129221,
          "support": 4310
        },
        "congestion": {
          "precision": 0.8367346938775511,
          "recall": 0.449203187250996,
          "f1": 0.5845755022683085,
          "support": 1004
        },
        "coverage_degradation": {
          "precision": 0.6215846994535519,
          "recall": 0.4447702834799609,
          "f1": 0.5185185185185185,
          "support": 1023
        },
        "hardware_anomaly": {
          "precision": 0.84375,
          "recall": 0.25616698292220114,
          "f1": 0.3930131004366812,
          "support": 527
        }
      }
    }
  },
  "site_metrics_summary": {
    "worst_sites": [
      {
        "tower_id": "TOWER_010",
        "samples": 572,
        "macro_f1": 0.4632612639383998,
        "accuracy": 0.6993006993006993,
        "minority_fault_recall": 0.2790849673202614
      },
      {
        "tower_id": "TOWER_015",
        "samples": 572,
        "macro_f1": 0.46498506615810176,
        "accuracy": 0.7797202797202797,
        "minority_fault_recall": 0.26666666666666666
      },
      {
        "tower_id": "TOWER_035",
        "samples": 572,
        "macro_f1": 0.47420312539875625,
        "accuracy": 0.791958041958042,
        "minority_fault_recall": 0.16666666666666666
      },
      {
        "tower_id": "TOWER_043",
        "samples": 572,
        "macro_f1": 0.4810099110862297,
        "accuracy": 0.7797202797202797,
        "minority_fault_recall": 0.2492063492063492
      },
      {
        "tower_id": "TOWER_045",
        "samples": 572,
        "macro_f1": 0.48400605130176716,
        "accuracy": 0.7115384615384616,
        "minority_fault_recall": 0.27334428024083196
      },
      {
        "tower_id": "TOWER_011",
        "samples": 572,
        "macro_f1": 0.48615936580581887,
        "accuracy": 0.8111888111888111,
        "minority_fault_recall": 0.25277777777777777
      },
      {
        "tower_id": "TOWER_003",
        "samples": 572,
        "macro_f1": 0.4869917293045636,
        "accuracy": 0.6346153846153846,
        "minority_fault_recall": 0.28994708994708995
      },
      {
        "tower_id": "TOWER_044",
        "samples": 572,
        "macro_f1": 0.4872873713605329,
        "accuracy": 0.791958041958042,
        "minority_fault_recall": 0.27619047619047615
      },
      {
        "tower_id": "TOWER_013",
        "samples": 572,
        "macro_f1": 0.48893159530463115,
        "accuracy": 0.6293706293706294,
        "minority_fault_recall": 0.3022544283413849
      },
      {
        "tower_id": "TOWER_049",
        "samples": 572,
        "macro_f1": 0.5005489429882563,
        "accuracy": 0.5926573426573427,
        "minority_fault_recall": 0.31533215755437977
      }
    ],
    "best_sites": [
      {
        "tower_id": "TOWER_028",
        "samples": 572,
        "macro_f1": 0.6349077001934795,
        "accuracy": 0.7482517482517482,
        "minority_fault_recall": 0.4219315895372233
      },
      {
        "tower_id": "TOWER_007",
        "samples": 572,
        "macro_f1": 0.6367386358516917,
        "accuracy": 0.8076923076923077,
        "minority_fault_recall": 0.4309523809523809
      },
      {
        "tower_id": "TOWER_046",
        "samples": 572,
        "macro_f1": 0.6508767223993881,
        "accuracy": 0.8041958041958042,