{
  "accuracy": 0.342830626450116,
  "macro_f1": 0.31587480564157133,
  "weighted_f1": 0.3208621447906049,
  "per_class": {
    "normal": {
      "precision": 0.31119826886664864,
      "recall": 0.09421832773728606,
      "f1-score": 0.1446442041740005,
      "support": 24422.0
    },
    "congestion": {
      "precision": 0.46635194857372436,
      "recall": 0.5202823845809055,
      "f1-score": 0.49184322033898303,
      "support": 26772.0
    },
    "coverage_degradation": {
      "precision": 0.3199921650561504,
      "recall": 0.27318840579710146,
      "f1-score": 0.29474380562905944,
      "support": 17940.0
    },
    "hardware_anomaly": {
      "precision": 0.25046100767354706,
      "recall": 0.49343724364232977,
      "f1-score": 0.33226799242424243,
      "support": 17066.0
    },
    "accuracy": 0.342830626450116,
    "macro avg": {
      "precision": 0.3370008475425176,
      "recall": 0.3452815904394057,
      "f1-score": 0.31587480564157133,
      "support": 86200.0
    },
    "weighted avg": {
      "precision": 0.34919124695523357,
      "recall": 0.342830626450116,
      "f1-score": 0.3208621447906049,
      "support": 86200.0
    }
  },
  "class_balance": {
    "train": {
      "normal": 272414,
      "congestion": 199190,
      "coverage_degradation": 131775,
      "hardware_anomaly": 129071
    },
    "test": {
      "normal": 24422,
      "congestion": 26772,
      "coverage_degradation": 17940,
      "hardware_anomaly": 17066
    }
  },
  "calibration": {
    "multiclass_brier": 0.7475768327713013,
    "ece": 0.025118573982864968,
    "per_class_brier": {
      "normal": 0.2089773565530777,
      "congestion": 0.20491789281368256,
      "coverage_degradation": 0.16779913008213043,
      "hardware_anomaly": 0.16588251292705536
    }
  },
  "operator_metrics": {
    "Airtel": {
      "samples": 24136,
      "macro_f1": 0.2582864386353608,
      "accuracy": 0.31960556844547566,
      "per_fault": {
        "normal": {
          "precision": 0.2808754559666493,
          "recall": 0.1578562014936301,
          "f1": 0.20211868379113151,
          "support": 6829
        },
        "congestion": {
          "precision": 0.4375746001432323,
          "recall": 0.454951600893522,
          "f1": 0.44609394013141884,
          "support": 8058
        },
        "coverage_degradation": {
          "precision": 0.20689655172413793,
          "recall": 0.02243270189431705,
          "f1": 0.0404767258826175,
          "support": 4012
        },
        "hardware_anomaly": {
          "precision": 0.2507618632999565,
          "recall": 0.5499331678441856,
          "f1": 0.3444564047362756,
          "support": 5237
        }
      }
    },
    "Jio": {
      "samples": 25860,
      "macro_f1": 0.21152968934325,
      "accuracy": 0.27849961330239753,
      "per_fault": {
        "normal": {
          "precision": 0.3420538852010933,
          "recall": 0.1131052291801162,
          "f1": 0.16999805938288376,
          "support": 7745
        },
        "congestion": {
          "precision": 0.4030159668835009,
          "recall": 0.1950207468879668,
          "f1": 0.2628483270658567,
          "support": 6989
        },
        "coverage_degradation": {
          "precision": 0.19858156028368795,
          "recall": 0.016307513104251603,
          "f1": 0.030139935414424113,
          "support": 5151
        },
        "hardware_anomaly": {
          "precision": 0.2502821380937724,
          "recall": 0.8165690376569038,
          "f1": 0.3831324355098355,
          "support": 5975
        }
      }
    },
    "Vi": {
      "samples": 15516,
      "macro_f1": 0.24997795128724065,
      "accuracy": 0.44354215003866976,
      "per_fault": {
        "normal": {
          "precision": 0.37844036697247707,
          "recall": 0.11398963730569948,
          "f1": 0.1752057340058402,
          "support": 2895
        },
        "congestion": {
          "precision": 0.4718740446346683,
          "recall": 0.8994755244755245,
          "f1": 0.6190094245037097,
          "support": 6864
        },
        "coverage_degradation": {
          "precision": 0.3385579937304075,
          "recall": 0.06756334063184236,
          "f1": 0.11264667535853977,
          "support": 3197
        },
        "hardware_anomaly": {
          "precision": 0.175704989154013,
          "recall": 0.06328125,
          "f1": 0.09304997128087306,
          "support": 2560
        }
      }
    },
    "BSNL": {
      "samples": 20688,
      "macro_f1": 0.3052002642743426,
      "accuracy": 0.37480665119876255,
      "per_fault": {
        "normal": {
          "precision": 0.13821138211382114,
          "recall": 0.0024449877750611247,
          "f1": 0.004804974561899378,
          "support": 6953
        },
        "congestion": {
          "precision": 0.5425955414012739,
          "recall": 0.5607899609133923,
          "f1": 0.551542741527567,
          "support": 4861
        },
        "coverage_degradation": {
          "precision": 0.326410998552822,
          "recall": 0.8084229390681004,
          "f1": 0.46505154639175256,
          "support": 5580
        },
        "hardware_anomaly": {
          "precision": 0.2905287623474724,
          "recall": 0.15179113539769276,
          "f1": 0.19940179461615154,
          "support": 3294
        }
      }
    }
  },
  "site_metrics_summary": {
    "worst_sites": [
      {
        "tower_id": "TOWER_004",
        "samples": 1724,
        "macro_f1": 0.060574948665297744,
        "accuracy": 0.1368909512761021,
        "minority_fault_recall": 0.3291492329149233
      },
      {
        "tower_id": "TOWER_020",
        "samples": 1724,
        "macro_f1": 0.07930697901415325,
        "accuracy": 0.18851508120649652,
        "minority_fault_recall": 0.3333333333333333
      },
      {
        "tower_id": "TOWER_002",
        "samples": 1724,
        "macro_f1": 0.08134396438476135,
        "accuracy": 0.18387470997679814,
        "minority_fault_recall": 0.28506375227686703
      },
      {
        "tower_id": "TOWER_031",
        "samples": 1724,
        "macro_f1": 0.09128615869649392,
        "accuracy": 0.18851508120649652,
        "minority_fault_recall": 0.32550335570469796
      },
      {
        "tower_id": "TOWER_046",
        "samples": 1724,
        "macro_f1": 0.09388385300823926,
        "accuracy": 0.2291183294663573,
        "minority_fault_recall": 0.3333333333333333
      },
      {
        "tower_id": "TOWER_036",
        "samples": 1724,
        "macro_f1": 0.09768217906108409,
        "accuracy": 0.2314385150812065,
        "minority_fault_recall": 0.31353919239904987
      },
      {
        "tower_id": "TOWER_028",
        "samples": 1724,
        "macro_f1": 0.09862298276321081,
        "accuracy": 0.23955916473317865,
        "minority_fault_recall": 0.33091787439613524
      },
      {
        "tower_id": "TOWER_045",
        "samples": 1724,
        "macro_f1": 0.10458715596330276,
        "accuracy": 0.26450116009280744,
        "minority_fault_recall": 0.3333333333333333
      },
      {
        "tower_id": "TOWER_021",
        "samples": 1724,
        "macro_f1": 0.10471567267683772,
        "accuracy": 0.2627610208816705,
        "minority_fault_recall": 0.3333333333333333
      },
      {
        "tower_id": "TOWER_012",
        "samples": 1724,
        "macro_f1": 0.11464397671294223,
        "accuracy": 0.29698375870069604,
        "minority_fault_recall": 0.3313915857605178
      }
    ],
    "best_sites": [
      {
        "tower_id": "TOWER_009",
        "samples": 1724,
        "macro_f1": 0.19056671942324344,
        "accuracy": 0.39269141531322505,
        "minority_fault_recall": 0.3637569860480077
      },
      {
        "tower_id": "TOWER_010",
        "samples": 1724,
        "macro_f1": 0.19604524291857697,
        "accuracy": 0.5812064965197216,
        "minority_fault_recall": 0.3266220948742438
      },
      {
        "tower_id": "TOWER_034",