{
  "best_val_macro_f1": 0.5833156978327736,
  "best_val_objective": 0.567578591054149,
  "train_sequences_raw": 242850,
  "train_sequences": 348105,
  "val_sequences": 14300,
  "test_sequences": 28600,
  "input_size": 24,
  "prediction_horizon_minutes": [
    15,
    30
  ],
  "train_label_counts": {
    "0": 173305,
    "1": 73055,
    "2": 55879,
    "3": 45866
  },
  "val_label_counts": {
    "0": 11177,
    "1": 1459,
    "2": 1163,
    "3": 501
  },
  "test_label_counts": {
    "0": 17946,
    "1": 5076,
    "2": 2758,
    "3": 2820
  },
  "train_ratio": 0.85,
  "val_ratio": 0.9,
  "seed": 42,
  "loss_type": "focal",
  "focal_gamma": 1.5,
  "class_weights": [
    0.6862735748291016,
    0.9695311188697815,
    1.0792505741119385,
    1.1679530143737793
  ],
  "use_weighted_sampler": true,
  "max_train_samples": null,
  "optimizer": {
    "lr": 0.0008,
    "weight_decay": 0.0001
  },
  "batch_size": 384,
  "epochs": 35,
  "patience": 8,
  "val_macro_weight": 0.85,
  "val_minority_weight": 0.15,
  "raw_feature_baseline": {
    "rsrp": {
      "mean": 2.7993934281766997e-07,
      "std": 0.9918138980865479
    },
    "sinr": {
      "mean": -6.683621904812753e-07,
      "std": 0.9929152131080627
    },
    "dl_throughput": {
      "mean": -2.2428416457387357e-07,
      "std": 0.9922765493392944
    },
    "ul_throughput": {
      "mean": -1.2044536390476424e-07,
      "std": 0.9923208355903625
    },
    "ho_failure_rate": {
      "mean": 7.319810890749068e-08,
      "std": 0.9909287691116333
    },
    "rtt": {
      "mean": 3.438280060663601e-08,
      "std": 0.9836388826370239
    }
  }
}